{
  "_fv": 34,
  "_type": "command",
  "definition": {
    "commandName": "circle",
    "permissionLevel": "No requirement",
    "argsxml": "<xml xmlns=\"https://developers.google.com/blockly/xml\"><block type=\"args_start\" deletable=\"false\" x=\"40\" y=\"40\"><next><block type=\"blockstate\"><field name=\"name\">block</field><statement name=\"args\"><block type=\"number_min\"><field name=\"name\">radius</field><field name=\"min\">0</field><statement name=\"args\"><block type=\"call_procedure\"><field name=\"procedure\">CircleAction</field></block></statement></block></statement></block></next></block></xml>"
  }
}