{
  "_fv": 43,
  "_type": "command",
  "definition": {
    "commandName": "randomteleport",
    "permissionLevel": "No requirement",
    "argsxml": "<xml xmlns=\"https://developers.google.com/blockly/xml\"><block type=\"args_start\" deletable=\"false\" x=\"40\" y=\"40\"><next><block type=\"entity\"><field name=\"name\">targets</field><field name=\"type\">players</field><statement name=\"args\"><block type=\"number_min_max\"><field name=\"name\">min</field><field name=\"min\">-1000000</field><field name=\"max\">999999</field><statement name=\"args\"><block type=\"number_min_max\"><field name=\"name\">max</field><field name=\"min\">-999999</field><field name=\"max\">1000000</field><statement name=\"args\"><block type=\"call_procedure\"><field name=\"procedure\">RandomTeleportAction</field></block></statement></block></statement></block></statement></block></next></block></xml>"
  }
}