{
  "_fv": 33,
  "_type": "command",
  "definition": {
    "commandName": "displayname",
    "permissionLevel": "No requirement",
    "argsxml": "<xml xmlns=\"https://developers.google.com/blockly/xml\"><block type=\"args_start\" deletable=\"false\" x=\"40\" y=\"40\"><next><block type=\"entity\"><field name=\"name\">targets</field><field name=\"type\">entities</field><statement name=\"args\"><block type=\"message\"><field name=\"name\">displayname</field><statement name=\"args\"><block type=\"call_procedure\"><field name=\"procedure\">SetDisplayName</field></block></statement><next><block type=\"call_procedure\"><field name=\"procedure\">ResetDisplayName</field><comment pinned=\"true\" h=\"80\" w=\"160\">Reset</comment></block></next></block></statement></block></next></block></xml>"
  }
}