{
  "_fv": 33,
  "_type": "command",
  "definition": {
    "commandName": "spawnitem",
    "permissionLevel": "No requirement",
    "argsxml": "<xml xmlns=\"https://developers.google.com/blockly/xml\"><block type=\"args_start\" deletable=\"false\" x=\"40\" y=\"40\"><next><block type=\"item\"><field name=\"name\">item</field><statement name=\"args\"><block type=\"number_min\"><field name=\"name\">pickupdelay</field><field name=\"min\">0</field><comment pinned=\"false\" h=\"80\" w=\"160\">0 is minimum, as we can't use -1 or lower to pickup somethin, lol</comment><statement name=\"args\"><block type=\"logic\"><field name=\"name\">despawn</field><statement name=\"args\"><block type=\"blockpos\"><field name=\"name\">position</field><statement name=\"args\"><block type=\"call_procedure\"><field name=\"procedure\">SpawnItemSpecificPosition</field><comment pinned=\"false\" h=\"80\" w=\"160\">specific position</comment></block></statement><next><block type=\"call_procedure\"><field name=\"procedure\">SpawnitemExecutorBased</field><comment pinned=\"false\" h=\"80\" w=\"160\">Based on executor's position</comment></block></next></block></statement></block></statement></block></statement></block></next></block></xml>"
  }
}